{
  "array": [
    {
      "name": "P000",
      "color": "#03A9F480",
      "rospose": {
        "position": {
          "x": 0.00000000000000,
          "y": 0.00000000000000,
          "z": 0
        },
        "orientation": {
          "x": 0,
          "y": 0,
          "z": 0,
          "w": 1
        }
      },
      "id": 0
    },
    {
      "name": "P001",
      "color": "#FF980080",
      "rospose": {
        "position": {
          "x": -0.484975072012876,
          "y": -2.70799473067883,
          "z": 0
        },
        "orientation": {
          "x": 0,
          "y": 0,
          "z": -0.7071067811865476,
          "w": 0.7071067811865475
        }
      },
      "id": 1
    }
  ],
  "nextId": 2
}
